ImageId,EncodedPixels
336d3e4105766f8ad328a7ee9571e743f376f8cbcf6a969ca7e353fe3235c523,22842 6 23360 9 23878 11 24396 12 24913 16 25432 17 25951 18 26470 18 26989 19 27508 20 28027 20 28546 21 29065 21 29584 21 30103 21 30622 22 31141 22 31660 22 32179 22 32698 22 33219 20 33739 19 34258 19 34778 18 35297 17 35816 17 36336 15 36856 14 37376 12 37896 10 38416 9 38935 7
336d3e4105766f8ad328a7ee9571e743f376f8cbcf6a969ca7e353fe3235c523,108478 5 108995 9 109514 10 110032 12 110551 13 111070 15 111589 16 112108 16 112627 17 113146 17 113665 18 114184 19 114703 19 115222 20 115741 20 116260 20 116779 20 117298 20 117817 20 118335 21 118852 1 118854 21 119371 23 119890 22 120409 22 120928 22 121447 20 121966 20 122485 19 123004 16 123523 14 124042 10 124561 8 125080 8 125599 8 126118 7 126637 6 127156 6 127675 4 128194 4
336d3e4105766f8ad328a7ee9571e743f376f8cbcf6a969ca7e353fe3235c523,44664 6 45181 10 45699 13 46218 14 46737 15 47255 17 47774 18 48293 18 48812 19 49331 19 49850 20 50369 20 50888 21 51407 21 51926 21 52445 21 52964 21 53484 20 54003 21 54522 20 55041 20 55560 20 56079 20 56598 20 57117 20 57636 19 58155 19 58674 18 59193 18 59712 18 60232 16 60751 15 61271 13 61791 12 62311 9 62834 1
336d3e4105766f8ad328a7ee9571e743f376f8cbcf6a969ca7e353fe3235c523,70640 2 71156 10 71674 13 72191 16 72708 20 73227 21 73745 23 74264 25 74783 26 75302 26 75821 27 76340 28 76859 28 77379 28 77899 27 78418 27 78938 26 79458 25 79978 24 80497 24 81017 23 81537 22 82057 21 82576 20 83093 22 83611 23 84129 25 84648 27 85166 29 85685 30 86204 31 86723 32 87242 32 87762 32 88281 32 88800 33 89320 31 89840 31 90360 30 90880 29 91402 25 91923 24 92444 21 92964 21 93452 8 93486 1 93488 17 93969 14 94006 20 94486 19 94526 20 95004 22 95044 23 95523 22 95558 1 95562 1 95564 23 96042 22 96075 1 96077 3 96082 25 96561 23 96593 7 96601 26 97079 25 97108 39 97599 24 97626 13 97641 26 98118 25 98144 14 98160 27 98637 41 98680 27 99156 41 99200 26 99676 44 99721 25 100195 44 100240 25 100714 45 100761 23 101234 45 101281 23 101753 45 101801 22 102274 43 102321 21 102793 43 102842 19 103313 42 103361 19 103833 18 103856 18 103881 17 104352 17 104375 18 104401 16 104870 18 104896 16 104921 15 105387 20 105417 13 105440 14 105905 20 105937 12 105960 13 106424 20 106458 9 106479 12 106942 22 106980 3 106998 11 107461 22 107517 12 107980 23 108034 14 108499 23 108553 14 109018 24 109071 16 109537 25 109589 18 110056 25 110107 19 110575 25 110626 20 111094 25 111145 20 111613 25 111664 20 112132 25 112183 20 112651 25 112703 20 113171 25 113222 20 113690 24 113741 20 114210 23 114261 18 114730 22 114780 19 115250 21 115300 18 115770 19 115819 18 115838 8 116290 18 116339 29 116810 17 116859 30 117330 16 117381 28 117851 12 117905 23 118371 10 118426 23 118892 7 118945 27 119464 28 119983 28 120501 30 121020 31 121539 31 122058 32 122576 33 123095 33 123614 33 124133 33 124652 34 125171 34 125690 34 126209 34 126728 11 126741 21 127247 9 127260 21 127768 5 127779 20 128298 20 128817 20 129336 20 129855 20 130375 18 130894 18
336d3e4105766f8ad328a7ee9571e743f376f8cbcf6a969ca7e353fe3235c523,33 6 551 8 1071 6
336d3e4105766f8ad328a7ee9571e743f376f8cbcf6a969ca7e353fe3235c523,125653 7 126170 11 126687 15 127205 17 127723 19 128241 22 128760 23 129279 24 129798 26 130317 26 130836 25
336d3e4105766f8ad328a7ee9571e743f376f8cbcf6a969ca7e353fe3235c523,21859 10 22376 15 22894 17 23412 20 23930 23 24449 24 24968 26 25487 26 26006 27 26525 28 27044 28 27563 29 28083 28 28602 28 29122 28 29641 28 30161 26 30680 26 31200 25 31720 23 32241 21 32760 19 33282 15 33802 11 33814 1
336d3e4105766f8ad328a7ee9571e743f376f8cbcf6a969ca7e353fe3235c523,55090 3 55606 10 56124 12 56642 14 57160 17 57679 18 58198 19 58716 21 59235 22 59754 23 60273 24 60792 24 61311 24 61830 25 62350 25 62869 25 63388 26 63907 26 64426 26 64946 25 65465 25 65985 24 66505 23 67024 22 67544 21 68064 19 68584 18 69104 16 69625 13 70148 6
336d3e4105766f8ad328a7ee9571e743f376f8cbcf6a969ca7e353fe3235c523,72 72 591 73 1111 72 1631 71 2152 68 2671 68 3190 68 3709 68 4227 73 4745 76 4822 1 5264 79 5782 80 6301 81 6819 83 7338 83 7857 84 8376 84 8894 85 9413 85 9932 85 10451 18 10470 66 10970 17 10991 64 11489 15 11512 61 12009 14 12031 62 12528 14 12552 60 13047 13 13071 61 13566 12 13591 61 14086 11 14111 60 14606 8 14630 62 15126 6 15150 62 15648 1 15670 62 16191 60 16710 61 17230 61 17750 60 18270 60 18789 61 19309 60 19829 59 20349 59 20869 58 21389 58 21909 57 22430 55 22950 54 23470 54 23991 53 24510 53 25031 52 25551 52 26071 52 26590 53 26656 10 27110 53 27171 15 27630 55 27686 21 28149 78 28669 78 29189 77 29709 76 30228 76 30747 76 31267 75 31787 74 32307 72 32827 71 33347 70 33867 69 34387 66 34907 64 35426 63 35946 59 36465 56 36985 55 37505 54 38025 53 38545 53 39066 52 39587 52 40107 52 40627 52 41147 52 41667 51 42186 52 42707 50 43227 49 43747 48 44266 49 44786 48 45306 48 45825 48 46344 50 46863 50 47383 50 47903 50 48422 51 48941 51 49462 50 49981 50 50500 51 51008 8 51017 1 51019 51 51525 65 52043 67 52561 69 53079 70 53598 71 54117 72 54636 73 55155 73 55674 75 56194 75 56713 18 56736 53 57233 16 57256 52 57754 7 57776 53 58295 55 58353 1 58815 62 59335 61 59854 63 60373 63 60893 62 61413 63 61932 63 62451 63 62971 62 63490 62 64010 62 64530 61 65049 61 65569 60 66088 60 66608 59 67128 58 67648 57 68166 58 68686 57 69206 56 69725 56 70244 56 70763 57 71282 58 71802 58 72320 60 72841 58 73358 61 73878 1 73880 59 74398 61 74919 59 75438 60 75957 60 76478 58 77000 55 77521 53 78041 53 78561 52 79080 53 79599 53 80119 52 80639 51 81158 52 81678 51 82198 51 82717 51 83237 50 83756 51 84276 51 84796 51 85315 51 85835 51 86354 51 86874 51 87393 52 87913 52 88433 51 88952 52 89472 52 89992 52 90511 52 91031 52 91550 52 92070 52 92590 52 93109 53 93628 54 94148 53 94668 53 95187 53 95706 54 96225 54 96744 55 97263 56 97782 56 98301 57 98820 57 99339 57 99859 57 100378 57 100898 57 101417 57 101936 58 102456 57 102976 57 103495 57 104014 58 104534 57 105054 57 105573 57 106093 57 106613 56 107132 57 107651 57 108171 57 108691 56 109210 57 109287 1 109730 57 109803 8 110250 57 110322 9 110770 56 110840 11 111289 57 111358 14 111809 56 111877 15 112328 57 112396 15 112848 57 112915 16 113367 57 113434 17 113887 57 113953 17 114406 58 114471 18 114926 57 114990 17 115445 57 115509 18 115965 58 116027 18 116485 57 116543 1 116545 19 117004 59 117064 18 117524 77 118044 76 118564 73 119083 72 119603 70 120122 69 120642 66 121161 66 121680 66 121760 6 122200 64 122277 9 122719 63 122795 12 123239 62 123314 12 123758 62 123832 14 124278 61 124351 15 124798 59 124870 16 125317 59 125389 16 125836 59 125907 17 126356 58 126426 17 126876 57 126944 18 127395 58 127463 18 127915 57 127980 20 128435 57 128498 21 128954 58 129017 21 129473 60 129534 23 129992 83 130511 83 131031 65 131097 15
336d3e4105766f8ad328a7ee9571e743f376f8cbcf6a969ca7e353fe3235c523,40080 7 40598 11 41116 13 41634 15 42152 16 42671 16 43190 17 43707 18 44226 19 44744 20 45263 20 45782 20 46301 20 46819 21 47338 21 47857 21 48376 21 48895 21 49414 21 49932 21 50451 21 50970 21 51488 22 52007 21 52525 21 53044 21 53563 20 54082 19 54601 18 55121 16 55640 15 56159 15 56680 12 57199 11 57722 4
336d3e4105766f8ad328a7ee9571e743f376f8cbcf6a969ca7e353fe3235c523,65004 7 65520 12 66033 2 66037 16 66550 22 67068 24 67587 25 68105 28 68624 29 69143 29 69662 29 70181 30 70700 30 71220 29 71739 28 72258 29 72777 28 73297 26 73816 25 74336 24 74856 22 75375 21 75896 18 76415 17 76936 15 77455 14 77976 11 78497 3 78501 3 79017 2 79020 3 79540 2 80056 7 80574 9 81092 11 81610 12 82128 14 82646 15 83165 15 83682 17 84198 20 84713 24 85231 25 85749 25 86267 26 86784 28 87303 28 87822 27 88341 28 88860 27 89378 28 89897 28 90417 25 90936 26 91455 23 91975 22 92495 19 93015 16 93534 15 94055 12 94576 7
336d3e4105766f8ad328a7ee9571e743f376f8cbcf6a969ca7e353fe3235c523,93046 1 93049 5 93563 12 94081 14 94599 16 95117 17 95635 19 96154 19 96673 19 97191 20 97710 20 98229 20 98748 19 99268 18 99787 18 100306 17 100826 15 101346 14 101866 12 102385 11 102905 9 103425 9 103947 1
336d3e4105766f8ad328a7ee9571e743f376f8cbcf6a969ca7e353fe3235c523,74369 6 74886 8 75404 10 75922 11 76441 12 76960 12 77479 12 77998 11 78517 11 79036 11 79555 12 80074 12 80593 12 81112 11 81632 10 82151 10 82670 11 83190 9 83710 9 84229 8 84749 6 85268 7 85787 6 86306 6 86826 5 87348 1
336d3e4105766f8ad328a7ee9571e743f376f8cbcf6a969ca7e353fe3235c523,93591 4 94108 8 94627 9 95145 11 95664 12 96182 14 96701 14 97220 15 97739 15 98258 15 98777 16 99296 16 99815 17 100334 17 100853 17 101372 17 101891 18 102410 18 102929 18 103449 17 103968 18 104487 17 105007 17 105526 16 106045 15 106565 13 107084 13 107585 2 107588 8 107603 11 108103 14 108123 9 108622 20 108644 5 109140 21 109658 23 110177 23 110696 24 111214 25 111733 25 112253 23 112772 24 113291 23 113810 23 114330 22 114851 19 115371 18 115890 17 116410 1 116412 13 116931 11 116943 1 117452 1 117454 3 117458 2
336d3e4105766f8ad328a7ee9571e743f376f8cbcf6a969ca7e353fe3235c523,1739 6 2256 10 2773 13 3291 15 3809 16 4327 18 4845 19 5363 20 5882 20 6400 21 6918 22 7437 21 7955 22 8474 21 8992 22 9511 21 10030 20 10548 20 11067 20 11586 19 12104 19 12624 17 13142 18 13662 16 14181 16 14701 14 15221 12 15741 10 16261 8
336d3e4105766f8ad328a7ee9571e743f376f8cbcf6a969ca7e353fe3235c523,104513 4 105028 9 105545 11 106064 11 106582 12 107102 11 107620 11 108139 11 108658 11 109177 11 109696 11 110216 8 110737 4
336d3e4105766f8ad328a7ee9571e743f376f8cbcf6a969ca7e353fe3235c523,119068 6 119575 5 119586 10 120091 10 120104 12 120609 27 121126 30 121643 33 122160 35 122678 37 123196 38 123714 41 124233 41 124751 42 125270 42 125788 43 126307 28 126337 13 126826 27 126858 11 127345 27 127378 8 127864 27 127898 6 128383 27 128902 26 129422 24 129942 22 130462 20 130983 14
336d3e4105766f8ad328a7ee9571e743f376f8cbcf6a969ca7e353fe3235c523,97769 2 98287 4 98806 5 99323 7 99842 6 100361 6 100882 4 101401 3
336d3e4105766f8ad328a7ee9571e743f376f8cbcf6a969ca7e353fe3235c523,36036 3 36552 10 37069 14 37586 19 38105 20 38623 22 39140 25 39659 25 40177 27 40696 27 41214 29 41733 28 42252 27 42771 27 43290 26 43810 25 44329 24 44849 23 45369 20 45890 17 46411 13 46931 10 46942 1 47453 1 47455 1 47457 1
336d3e4105766f8ad328a7ee9571e743f376f8cbcf6a969ca7e353fe3235c523,13740 3 13744 1 14257 12 14774 16 15291 20 15810 20 16328 23 16847 25 17365 27 17884 28 18404 28 18923 30 19442 30 19961 31 20480 32 21000 31 21519 32 22039 32 22559 31 23078 31 23598 30 24118 29 24638 28 25158 27 25678 26 26198 24 26718 23 27238 1 27241 19 27759 19 28280 15 28801 11 29325 3
336d3e4105766f8ad328a7ee9571e743f376f8cbcf6a969ca7e353fe3235c523,252 31 770 32 1289 32 1810 30 2331 26 2852 24 3374 20 3897 16 4417 16 4937 15 5456 15 5975 16 6494 16 7013 17 7531 18 8050 18 8569 17 9088 17 9607 17 10127 17 10146 14 10161 1 10646 37 11165 37 11685 38 12204 11 12217 25 12724 8 12737 25 13245 5 13256 26 13775 26 14294 26 14813 26 15332 26 15851 26 16369 27 16888 27 17407 27 17926 26 18444 26 18963 26 19481 26 20001 25 20520 24 21039 24 21558 24 22078 22 22597 20 23117 19 23636 18 24156 17 24676 16 25196 13 25717 11 26238 1 26240 3
336d3e4105766f8ad328a7ee9571e743f376f8cbcf6a969ca7e353fe3235c523,51149 5 51155 1 51664 1 51666 11 51678 1 52181 19 52698 21 53216 23 53734 25 54251 28 54770 28 55287 31 55806 32 56324 33 56843 33 57361 35 57880 35 58398 36 58918 35 59436 36 59955 35 60474 35 60993 34 61512 34 62031 33 62550 33 63069 31 63588 30 64107 30 64627 29 65146 27 65666 24 66185 24 66705 22 67225 18 67745 16 68266 8 68275 3 68787 2 68790 1
336d3e4105766f8ad328a7ee9571e743f376f8cbcf6a969ca7e353fe3235c523,92679 1 92681 3 92685 1 92687 1 93196 13 93713 1 93715 15 94230 20 94747 23 95264 26 95782 27 96299 29 96817 30 97335 31 97854 31 98372 31 98891 31 99410 31 99929 31 100447 31 100967 29 101486 29 102006 26 102526 25 103046 22 103566 19 104088 14 104609 10 105133 1
336d3e4105766f8ad328a7ee9571e743f376f8cbcf6a969ca7e353fe3235c523,311 16 829 17 1347 20 1866 22 2385 22 2904 23 3424 22 3943 23 4462 23 4981 24 5501 24 6020 24 6539 25 7059 24 7578 24 8098 23 8618 22 9138 21 9657 21 10177 20 10697 19 11217 18 11737 15 12256 14 12777 12 13297 10 13817 9 14338 3 14342 1
336d3e4105766f8ad328a7ee9571e743f376f8cbcf6a969ca7e353fe3235c523,66259 2 66775 8 67292 10 67810 12 68328 14 68845 16 69364 16 69882 18 70400 18 70918 19 71436 20 71955 19 72473 20 72991 21 73509 22 74028 21 74547 21 75065 21 75583 22 76102 22 76620 22 77138 23 77657 22 78175 23 78694 23 79212 22 79731 22 80250 21 80770 19 81289 16 81809 15 82329 12 82850 8 83371 4
336d3e4105766f8ad328a7ee9571e743f376f8cbcf6a969ca7e353fe3235c523,41348 2 41863 12 42381 15 42898 19 43416 22 43934 25 44453 26 44971 27 45489 29 46008 30 46527 30 47046 30 47565 30 48082 32 48601 32 49120 32 49640 31 50160 30 50679 29 51198 29 51718 28 52238 26 52758 24 53278 21 53799 19 54319 14 54334 1 54841 3 54845 3 54849 1
336d3e4105766f8ad328a7ee9571e743f376f8cbcf6a969ca7e353fe3235c523,81831 7 82348 11 82867 12 82901 7 83386 13 83419 9 83905 14 83937 11 84424 16 84455 14 84943 18 84973 15 85461 20 85492 15 85980 20 86011 16 86499 21 86530 16 87018 21 87048 17 87537 21 87567 18 88055 22 88086 18 88574 22 88605 18 89093 22 89124 18 89612 21 89642 19 90131 21 90161 20 90650 20 90679 21 91169 21 91196 23 91688 19 91714 23 92207 20 92233 22 92726 19 92752 21 93244 22 93270 20 93763 20 93789 18 94282 22 94305 20 94802 41 95320 42 95840 41 96359 40 96879 39 97399 38 97922 1 97926 29 98445 28 98965 27 99484 26 100002 27 100522 27 101041 27 101559 29 102078 29 102598 29 103117 29 103636 29 104156 29 104675 28 105194 29 105714 28 106233 28 106753 27 107272 27 107792 26 108312 25 108831 24 109350 24 109870 23 110390 21 110910 19 111433 14 111952 11 112475 1 112477 1
336d3e4105766f8ad328a7ee9571e743f376f8cbcf6a969ca7e353fe3235c523,357 18 875 19 1394 19 1912 20 2431 20 2950 19 3468 19 3987 19 4506 18 5025 18 5544 17 6064 16 6583 15 7103 13 7622 13 8143 11 8663 6
336d3e4105766f8ad328a7ee9571e743f376f8cbcf6a969ca7e353fe3235c523,10760 7 11277 11 11796 12 12314 14 12833 14 13351 16 13870 16 14389 16 14908 16 15426 18 15945 17 16464 18 16983 18 17501 19 18020 19 18539 19 19058 19 19577 19 20096 19 20614 20 21133 20 21652 20 22171 19 22689 20 23208 20 23727 20 24246 19 24764 20 25283 19 25803 18 26322 17 26841 16 27361 15 27880 14 28400 12 28920 11 29440 8
336d3e4105766f8ad328a7ee9571e743f376f8cbcf6a969ca7e353fe3235c523,116652 3 116656 1 117168 11 117686 13 118204 15 118721 18 119239 20 119757 23 120276 24 120794 25 121312 27 121830 28 122349 29 122868 29 123386 30 123905 30 124423 30 124941 32 125460 31 125979 31 126497 32 127016 32 127535 31 128053 31 128572 31 129091 30 129609 30 130128 29 130647 28 131167 25
336d3e4105766f8ad328a7ee9571e743f376f8cbcf6a969ca7e353fe3235c523,64229 12 64746 18 65263 20 65781 23 66299 26 66818 27 67337 26 67856 27 68375 27 68894 28 69413 28 69933 27 70452 27 70971 27 71490 27 72010 26 72529 26 73049 25 73569 24 74089 23 74608 23 75128 22 75648 20 76167 20 76688 16 77208 15 77730 9 78251 3
336d3e4105766f8ad328a7ee9571e743f376f8cbcf6a969ca7e353fe3235c523,406 4 925 5 1445 3
336d3e4105766f8ad328a7ee9571e743f376f8cbcf6a969ca7e353fe3235c523,45053 2 45570 7 46088 11 46606 12 47125 13 47643 16 48161 17 48680 17 49198 18 49717 19 50235 20 50754 20 51273 20 51791 21 52310 21 52829 21 53348 20 53866 21 54384 22 54903 22 55422 22 55941 22 56460 22 56979 22 57498 21 58017 21 58536 21 59055 20 59574 20 60093 19 60612 19 61133 16 61652 15 62172 13 62691 12 63210 10 63733 6
336d3e4105766f8ad328a7ee9571e743f376f8cbcf6a969ca7e353fe3235c523,115663 9 116181 11 116698 14 117215 16 117731 20 118250 20 118767 22 119285 23 119802 25 120321 25 120839 26 121357 27 121875 28 122394 28 122912 28 123431 27 123949 28 124468 28 124986 28 125505 27 126024 27 126543 27 127062 25 127581 24 128100 23 128620 20 129139 19 129659 17 130179 13 130701 6
336d3e4105766f8ad328a7ee9571e743f376f8cbcf6a969ca7e353fe3235c523,430 35 949 37 1467 39 1986 41 2506 40 3027 38 3556 29 4076 28 4597 26 5118 24 5637 24 6157 22 6676 22 7195 22 7715 21 8234 21 8755 17 9274 17 9793 15 10312 15 10831 15 11348 20 11865 22 12384 23 12901 25 13420 26 13938 27 14457 28 14976 28 15494 29 16013 30 16532 31 17052 31 17571 31 18090 31 18609 33 19129 31 19647 33 20167 31 20686 32 21206 30 21726 29 22246 28 22765 29 23285 28 23804 29 24324 28 24843 28 25362 28 25881 29 26400 28 26919 28 27439 27 27958 27 28478 26 28997 26 29517 26 30036 27 30556 26 31075 26 31594 27 32112 27 32631 26 33150 26 33669 26 34188 26 34708 23 35227 23 35747 21 36267 19 36786 18 37307 13 37828 3 37832 3 37836 1
336d3e4105766f8ad328a7ee9571e743f376f8cbcf6a969ca7e353fe3235c523,57034 1 57036 1 57038 1 57549 1 57551 1 57553 7 58066 15 58583 17 59101 19 59618 23 60136 25 60655 26 61173 27 61691 29 62210 29 62728 31 63247 32 63766 33 64285 34 64805 34 65324 35 65843 36 66361 38 66878 40 67396 41 67914 42 68431 45 68950 44 69468 19 69488 26 69986 20 70007 25 70505 20 70526 25 71024 20 71045 25 71543 20 71564 24 72062 19 72083 24 72581 19 72602 24 73100 19 73121 23 73619 18 73640 23 74138 18 74159 21 74658 14 74673 2 74677 22 75178 13 75193 25 75698 10 75713 23 76220 5 76232 22 76753 19 77272 17 77791 15 78314 1 78316 1 78318 1
336d3e4105766f8ad328a7ee9571e743f376f8cbcf6a969ca7e353fe3235c523,84568 8 85083 1 85086 12 85602 16 86120 17 86636 21 87154 23 87672 25 88189 27 88707 28 89225 29 89744 29 90262 30 90780 31 91299 30 91818 30 92337 30 92856 29 93374 30 93893 29 94412 29 94931 28 95450 28 95969 27 96488 25 97007 25 97526 24 98046 22 98565 21 99085 20 99604 20 100124 17 100647 11 100659 1 101168 9 101690 1 101694 2
336d3e4105766f8ad328a7ee9571e743f376f8cbcf6a969ca7e353fe3235c523,104289 6 104806 10 105323 14 105840 17 106358 19 106876 21 107395 22 107913 23 108431 25 108950 26 109468 27 109986 29 110504 30 111023 30 111542 30 112060 31 112579 31 113098 31 113617 31 114136 31 114655 31 115174 30 115693 30 116212 29 116732 28 117251 27 117770 27 118290 25 118809 25 119329 22 119849 21 120369 18 120889 15 121410 12 121931 7
336d3e4105766f8ad328a7ee9571e743f376f8cbcf6a969ca7e353fe3235c523,32169 6 32687 9 33204 13 33722 14 34241 14 34760 14 35278 15 35796 16 36314 17 36833 17 37352 17 37870 18 38389 18 38908 18 39427 18 39946 18 40465 18 40984 18 41504 17 42023 17 42542 17 43062 16 43582 15 44101 15 44621 14 45140 14 45660 13 46179 12 46701 7 47223 3
336d3e4105766f8ad328a7ee9571e743f376f8cbcf6a969ca7e353fe3235c523,58123 1 58638 6 59157 7 59674 11 60192 13 60710 14 61229 14 61747 15 62266 15 62784 16 63303 16 63822 16 64341 16 64860 16 65379 16 65898 16 66418 15 66937 15 67457 14 67976 14 68496 13 69016 12 69536 11 70055 11 70576 8 71097 4
